Period,Market Cap
2/18/2022,192906.3356
2/17/2022,192881.0762
2/16/2022,195053.388
2/15/2022,196543.6949
2/14/2022,193158.93
2/11/2022,193588.3405
2/10/2022,193386.265
2/9/2022,193310.4867
2/8/2022,194270.3453
2/7/2022,195962.7278
2/4/2022,198438.1528
2/3/2022,199574.8275
2/2/2022,207152.6592
2/1/2022,206925.3243
1/31/2022,205813.909
1/28/2022,204348.8615
1/27/2022,203540.5595
1/26/2022,199903.2002
1/25/2022,200711.5023
1/24/2022,199120.1576
1/21/2022,202024.9931
1/20/2022,203969.9699
1/19/2022,205333.9796
1/18/2022,205965.4656
1/14/2022,205561.3146
1/13/2022,205409.7579
1/12/2022,205106.6447
1/11/2022,206293.8383
1/10/2022,208061.999
1/7/2022,202833.2952
1/6/2022,199120.1576
1/5/2022,199246.4548
1/4/2022,194522.9397
1/3/2022,194169.3076
12/31/2021,193588.3405
12/30/2021,194851.3124
12/29/2021,194371.3831
12/28/2021,194017.751
12/27/2021,193411.5244
12/23/2021,191289.7315
12/22/2021,192375.8874
12/21/2021,190809.8022
12/20/2021,193007.3734
12/17/2021,191188.6938
12/16/2021,191744.4014
12/15/2021,190178.3162
12/14/2021,186212.5843
12/13/2021,185454.8011
12/10/2021,183434.046
12/9/2021,184040.2726
12/8/2021,184924.3529
12/7/2021,182575.2251
12/6/2021,185454.8011
12/3/2021,185252.7256
12/2/2021,186641.9948
12/1/2021,188031.2639
11/30/2021,189218.4575
11/29/2021,189167.9387
11/26/2021,199953.7191
11/24/2021,207834.6641
11/23/2021,209148.1549
11/22/2021,206218.06
11/19/2021,203843.6727
11/18/2021,209779.6409
11/17/2021,208642.9661
11/16/2021,212457.1414
11/15/2021,211396.245
11/12/2021,212179.2876
11/11/2021,212229.8065
11/10/2021,212204.547
11/9/2021,208946.0794
11/8/2021,208845.0417
11/5/2021,206142.2817
11/4/2021,228698.9607
11/3/2021,224000.7051
11/2/2021,224859.526
11/1/2021,221878.9122
10/29/2021,222354.7254
10/28/2021,218566.7403
10/27/2021,205914.87
10/26/2021,207707.8497
10/25/2021,206217.9088
10/22/2021,204929.9939
10/21/2021,204980.5004
10/20/2021,204727.968
10/19/2021,200737.9571
10/18/2021,194828.7003
10/15/2021,197808.5819
10/14/2021,197808.5819
10/13/2021,199374.2824
10/12/2021,200990.4894
10/11/2021,201849.0994
10/8/2021,203616.8257
10/7/2021,206924.9994
10/6/2021,203692.5854
10/5/2021,206066.3894
10/4/2021,209854.3745
10/1/2021,205561.3248
9/30/2021,189677.0406
9/29/2021,190080.9262
9/28/2021,185600.393
9/27/2021,185701.648
9/24/2021,186334.4917
9/23/2021,184916.9218
9/22/2021,182360.2334
9/21/2021,182183.0372
9/20/2021,182081.7822
9/17/2021,181448.9385
9/16/2021,182183.0372
9/15/2021,184309.3919
9/14/2021,182537.4296
9/13/2021,185246.0005
9/10/2021,185929.4717
9/9/2021,186866.0804
9/8/2021,190764.3974
9/7/2021,192333.8497
9/3/2021,195574.0093
9/2/2021,195219.6169
9/1/2021,192840.1246
8/31/2021,193118.5759
8/30/2021,193650.1645
8/27/2021,193143.8896
8/26/2021,193827.3608
8/25/2021,195093.0481
8/24/2021,196738.4417
8/23/2021,198409.149
8/20/2021,199168.5614
8/19/2021,198611.659
8/18/2021,196915.6379
8/17/2021,199548.2676
8/16/2021,197270.0304
8/13/2021,194207.067
8/12/2021,192485.7322
8/11/2021,190384.6912
8/10/2021,190334.0637
8/9/2021,190663.1424
8/6/2021,190966.9074
8/5/2021,191346.6136
8/4/2021,191068.1624
8/3/2021,193422.3408
8/2/2021,192840.1246
7/30/2021,194692.677
7/29/2021,194844.6421
7/28/2021,198390.4955
7/27/2021,197174.7743
7/26/2021,195629.7954
7/23/2021,196389.6211
7/22/2021,193831.5412
7/21/2021,193476.9558
7/20/2021,192919.7503
7/19/2021,195148.5724
7/16/2021,197605.3422
7/15/2021,197301.412
7/14/2021,196592.2413
7/13/2021,196566.9138
7/12/2021,196414.9486
7/9/2021,197529.3597
7/8/2021,197858.6175
7/7/2021,198973.0285
7/6/2021,197833.29
7/2/2021,199074.3386
7/1/2021,197529.3597
6/30/2021,196972.1541
6/29/2021,195500.2291
6/28/2021,194614.0086
6/25/2021,195474.9085
6/24/2021,193347.9794
6/23/2021,191372.9739
6/22/2021,192917.5295
6/21/2021,194335.4822
6/18/2021,193980.994
6/17/2021,195550.8702
6/16/2021,193980.994
6/15/2021,191676.8209
6/14/2021,191043.8063
6/11/2021,193120.0942
6/10/2021,192790.9266
6/9/2021,187473.6039
6/8/2021,183321.0282
6/7/2021,184333.8515
6/4/2021,187650.848
6/3/2021,187144.4363
6/2/2021,192107.2708
6/1/2021,190360.1505
5/28/2021,192157.912
5/27/2021,192233.8737
5/26/2021,195550.8702
5/25/2021,196234.526
5/24/2021,200108.5754
5/21/2021,200488.3841
5/20/2021,201703.7721
5/19/2021,200944.1546
5/18/2021,200994.7958
5/17/2021,202235.5044
5/14/2021,198234.8521
5/13/2021,199247.6755
5/12/2021,197500.5552
5/11/2021,196133.2437
5/10/2021,197931.0051
5/7/2021,198538.6991
5/6/2021,196943.5024
5/5/2021,196740.9377
5/4/2021,192411.1178
5/3/2021,192385.7972
4/30/2021,188638.3508
4/29/2021,186506.4566
4/28/2021,195138.2022
4/27/2021,195821.6542
4/26/2021,196251.9759
4/23/2021,197137.9322
4/22/2021,197340.4365
4/21/2021,200555.1922
4/20/2021,198884.5317
4/19/2021,196581.0453
4/16/2021,196100.0976
4/15/2021,194049.7416
4/14/2021,193391.6027
4/13/2021,193467.5418
4/12/2021,192935.968
4/9/2021,193163.7853
4/8/2021,191088.1163
4/7/2021,192682.8376
4/6/2021,191847.5074
4/5/2021,194910.3849
4/1/2021,195138.2022
3/31/2021,195138.2022
3/30/2021,194808.8634
3/29/2021,198200.8057
3/26/2021,195897.3225
3/25/2021,192486.5923
3/24/2021,192916.7582
3/23/2021,192992.6699
3/22/2021,196130.3506
3/19/2021,196130.3506
3/18/2021,195523.0576
3/17/2021,195598.9692
3/16/2021,194359.0792
3/15/2021,192891.4544
3/12/2021,188766.9224
3/11/2021,188842.8341
3/10/2021,189171.7845
3/9/2021,187602.9441
3/8/2021,187678.8557
3/5/2021,185047.2525
3/4/2021,182618.0803
3/3/2021,185477.4184
3/2/2021,184338.7439
3/1/2021,183149.4617
2/26/2021,183751.5261
2/25/2021,188812.1575
2/24/2021,188685.6417
2/23/2021,188609.7323
2/22/2021,189596.5554
2/19/2021,188027.7597
2/18/2021,190811.1069
2/17/2021,191140.048
2/16/2021,187875.9407
2/12/2021,189773.6775
2/11/2021,189115.7954
2/10/2021,189495.3428
2/9/2021,189874.8901
2/8/2021,189874.8901
2/5/2021,191797.9301
2/4/2021,192379.9027
2/3/2021,195644.0099
2/2/2021,196782.652
2/1/2021,195745.2226
1/29/2021,195004.5024
1/28/2021,197155.1943
1/27/2021,195004.5024
1/26/2021,203050.6205
1/25/2021,205327.8237
1/22/2021,204897.6853
1/21/2021,205403.7304
1/20/2021,208642.4195
1/19/2021,210489.4843
1/15/2021,210970.2272
1/14/2021,207908.654
1/13/2021,208338.7924
1/12/2021,210236.4617
1/11/2021,215069.193
1/8/2021,210084.6482
1/7/2021,212589.5717
1/6/2021,208440.0014
1/5/2021,205201.3124
1/4/2021,204847.0808
12/31/2020,206972.4704
12/30/2020,203895.4723
12/29/2020,205995.4008
12/28/2020,203541.2675
12/24/2020,202756.9568
12/23/2020,201795.5437
12/22/2020,200935.332
12/21/2020,200606.4276
12/18/2020,201213.6358
12/17/2020,201947.3458
12/16/2020,201972.6462
12/15/2020,203617.1685
12/14/2020,203212.363
12/11/2020,209891.6538
12/10/2020,209967.5549
12/9/2020,211181.9714
12/8/2020,210448.2614
12/7/2020,208753.1383
12/4/2020,207311.0187
12/3/2020,206071.3019
12/2/2020,207032.715
12/1/2020,206324.3053
11/30/2020,203389.4654
11/27/2020,202048.5472
11/25/2020,202554.5541
11/24/2020,202756.9568
11/23/2020,203111.1616
11/20/2020,203541.2675
11/19/2020,203389.4654
11/18/2020,203035.2606
11/17/2020,206197.8036
11/16/2020,202858.1582
11/13/2020,205160.4895
11/12/2020,202048.5472
11/11/2020,205084.5885
11/10/2020,205211.0902
11/9/2020,203667.7692
11/6/2020,203313.5644
11/5/2020,203566.5678
11/4/2020,203971.3733
11/3/2020,194610.246
11/2/2020,194078.9388
10/30/2020,190263.2571
10/29/2020,191983.494
10/28/2020,192717.1244
10/27/2020,197295.9902
10/26/2020,199446.2863
10/23/2020,201950.7488
10/22/2020,200382.2975
10/21/2020,197498.371
10/20/2020,198004.323
10/19/2020,199016.2271
10/16/2020,201950.7488
10/15/2020,200002.8335
10/14/2020,203670.9857
10/13/2020,204176.9377
10/12/2020,203291.5216
10/9/2020,203291.5216
10/8/2020,203595.0928
10/7/2020,202481.9984
10/6/2020,201444.7968
10/5/2020,205517.7105
10/2/2020,204404.6161
10/1/2020,206529.6146
9/30/2020,209843.6003
9/29/2020,207144.8461
9/28/2020,209319.9934
9/25/2020,209749.9644
9/24/2020,210306.3975
9/23/2020,208991.1921
9/22/2020,209775.2568
9/21/2020,210255.8126
9/18/2020,217034.1788
9/17/2020,216604.2078
9/16/2020,216427.1609
9/15/2020,212987.393
9/14/2020,212860.931
9/11/2020,213670.2881
9/10/2020,211368.6787
9/9/2020,214681.9846
9/8/2020,210761.6609
9/4/2020,215592.5114
9/3/2020,216224.8216
9/2/2020,219866.9288
9/1/2020,213543.8261
8/31/2020,215668.3886
8/28/2020,216629.5002
8/27/2020,217059.4712
8/26/2020,216351.2837
8/25/2020,216705.3774
8/24/2020,216047.7748
8/21/2020,214934.9087
8/20/2020,215061.3707
8/19/2020,215061.3707
8/18/2020,213872.6274
8/17/2020,214378.4756
8/14/2020,211141.047
8/13/2020,211292.8015
8/12/2020,209117.6541
8/11/2020,204640.8974
8/10/2020,204640.8974
8/7/2020,204919.1139
8/6/2020,204994.9912
8/5/2020,206487.2434
8/4/2020,206563.1206
8/3/2020,208763.5604
7/31/2020,202946.3059
7/30/2020,199779.0119
7/29/2020,200689.5125
7/28/2020,201549.4298
7/27/2020,199627.2618
7/24/2020,194998.8836
7/23/2020,197426.8853
7/22/2020,199247.8866
7/21/2020,199526.0951
7/20/2020,200841.2626
7/17/2020,202004.6801
7/16/2020,200815.971
7/15/2020,200917.1377
7/14/2020,197907.4273
7/13/2020,195631.1757
7/10/2020,194063.0913
7/9/2020,193961.9246
7/8/2020,197072.8017
7/7/2020,199096.1364
7/6/2020,201271.2213
7/2/2020,199247.8866
7/1/2020,197578.6354
6/30/2020,195580.5924
6/29/2020,192134.5833
6/26/2020,189787.1692
6/25/2020,193270.4289
6/24/2020,191503.558
6/23/2020,194658.6845
6/22/2020,193724.7671
6/19/2020,196627.4835
6/18/2020,192386.9935
6/17/2020,192563.6805
6/16/2020,194280.0694
6/15/2020,186833.9708
6/12/2020,192588.9216
6/11/2020,195239.2278
6/10/2020,206395.7551
6/9/2020,207632.5647
6/8/2020,209247.9895
6/5/2020,207632.5647
6/4/2020,205840.4529
6/3/2020,207127.7445
6/2/2020,204048.341
6/1/2020,200817.4915
5/29/2020,203745.4489
5/28/2020,199504.9588
5/27/2020,195744.0481
5/26/2020,195012.0587
5/22/2020,192765.6086
5/21/2020,193219.9469
5/20/2020,194078.1413
5/19/2020,195744.0481
5/18/2020,201221.3477
5/15/2020,201372.7937
5/14/2020,202054.3011
5/13/2020,196602.2425
5/12/2020,194835.3716
5/11/2020,196652.7245
5/8/2020,192841.3317
5/7/2020,190822.0507
5/6/2020,194658.6845
5/5/2020,196905.1346
5/4/2020,194002.4182
5/1/2020,196046.9402
4/30/2020,200262.1892
4/29/2020,203864.5542
4/28/2020,204899.3997
4/27/2020,211966.6369
4/24/2020,205530.403
4/23/2020,204142.1957
4/22/2020,201870.5837
4/21/2020,198286.4848
4/20/2020,209745.5052
4/17/2020,210654.15
4/16/2020,209493.1039
4/15/2020,207145.7715
4/14/2020,209089.2618
4/13/2020,203284.0312
4/9/2020,208205.8571
4/8/2020,206009.9655
4/7/2020,198286.4848
4/6/2020,202703.5081
4/3/2020,192456.0141
4/2/2020,194020.9024
4/1/2020,186272.1815
3/31/2020,194197.5833
3/30/2020,194305.4216
3/27/2020,181124.469
3/26/2020,186207.0632
3/25/2020,172760.0415
3/24/2020,174861.93
3/23/2020,168151.0811
3/20/2020,180711.7643
3/19/2020,179116.3549
3/18/2020,181395.5112
3/17/2020,188612.8392
3/16/2020,177065.1143
3/13/2020,194361.3776
3/12/2020,188536.8673
3/11/2020,200692.3671
3/10/2020,207707.1035
3/9/2020,199957.9724
3/6/2020,208162.9348
3/5/2020,206592.8494
3/4/2020,210112.8795
3/3/2020,200388.4797
3/2/2020,206061.0462
2/28/2020,194176.7393
2/27/2020,198031.8679
2/26/2020,202749.3279
2/25/2020,203586.2966
2/24/2020,206274.7415
2/21/2020,208836.373
2/20/2020,209216.8133
2/19/2020,207974.0416
2/18/2020,209140.7252
2/14/2020,209622.6163
2/13/2020,207897.9535
2/12/2020,211144.3776
2/11/2020,216216.9152
2/10/2020,217256.7854
2/7/2020,215785.7495
2/6/2020,217307.5108
2/5/2020,217687.9511
2/4/2020,224104.7112
2/3/2020,221517.717
1/31/2020,216698.8063
1/30/2020,219624.884
1/29/2020,221503.7558
1/28/2020,218990.13
1/27/2020,218609.2776
1/24/2020,218304.5957
1/23/2020,224855.257
1/22/2020,227622.7844
1/21/2020,228435.2695
1/17/2020,230974.2855
1/16/2020,231507.4789
1/15/2020,232421.5246
1/14/2020,228333.7089
1/13/2020,227267.3222
1/10/2020,227318.1025
1/9/2020,226937.2501
1/8/2020,224956.8176
1/7/2020,226480.2272
1/6/2020,232675.4262
1/3/2020,231685.21
1/2/2020,233691.0326
12/31/2019,230923.5052
12/30/2019,231760.9326
12/27/2019,232957.5452
12/26/2019,232550.1877
12/24/2019,232804.7861
12/23/2019,233568.5813
12/20/2019,233161.2239
12/19/2019,229113.1092
12/18/2019,228171.095
12/17/2019,226643.5046
12/16/2019,227330.9203
12/13/2019,227076.3219
12/12/2019,228043.7958
12/11/2019,226541.6652
12/10/2019,226847.1833
12/9/2019,225879.7094
12/6/2019,226210.6873
12/5/2019,225956.0889
12/4/2019,225752.4101
12/3/2019,222468.0907
12/2/2019,221602.4561
11/29/2019,221958.8938
11/27/2019,223053.667
11/26/2019,222366.2513
11/25/2019,218190.8374
11/22/2019,217554.3413
11/21/2019,217579.8012
11/20/2019,217096.0642
11/19/2019,215517.5541
11/18/2019,214193.6423
11/15/2019,216154.0501
11/14/2019,215262.9557
11/13/2019,215950.3714
11/12/2019,214168.1825
11/11/2019,212029.5558
11/8/2019,212818.8109
11/7/2019,211011.1622
11/6/2019,211953.1763
11/5/2019,211113.0016
11/4/2019,213608.066
11/1/2019,216255.8895
10/31/2019,220634.9821
10/30/2019,219937.6151
10/29/2019,217080.6199
10/28/2019,209683.0429
10/25/2019,209836.0962
10/24/2019,210652.3806
10/23/2019,211392.1383
10/22/2019,207387.2432
10/21/2019,215601.1045
10/18/2019,216009.2466
10/17/2019,213764.4647
10/16/2019,215422.5423
10/15/2019,216927.5665
10/14/2019,216034.7555
10/11/2019,215141.9445
10/10/2019,213662.4291
10/9/2019,214733.8023
10/8/2019,212463.5115
10/7/2019,215269.489
10/4/2019,216825.531
10/3/2019,211060.5228
10/2/2019,208203.5275
10/1/2019,213279.7958
9/30/2019,214733.8023
9/27/2019,212280.6581
9/26/2019,214764.2214
9/25/2019,212767.1293
9/24/2019,214047.3166
9/23/2019,215993.2013
9/20/2019,218041.5009
9/19/2019,214994.6552
9/18/2019,212562.2993
9/17/2019,211256.5082
9/16/2019,210027.5284
9/13/2019,211512.5457
9/12/2019,213304.8079
9/11/2019,212306.2618
9/10/2019,209157.0011
9/9/2019,213714.4679
9/6/2019,221651.6291
9/5/2019,220448.2531
9/4/2019,220320.2343
9/3/2019,221856.4591
8/30/2019,221395.5917
8/29/2019,222035.6853
8/28/2019,221421.1954
8/27/2019,218963.2358
8/26/2019,219884.9706
8/23/2019,217478.2185
8/22/2019,222035.6853
8/21/2019,222522.1565
8/20/2019,219296.0845
8/19/2019,220678.6868
8/16/2019,217785.4635
8/15/2019,213688.8641
8/14/2019,213535.2416
8/13/2019,220397.0456
8/12/2019,219500.9145
8/9/2019,218963.2358
8/8/2019,216940.5399
8/7/2019,215711.56
8/6/2019,215967.5975
8/5/2019,212818.3368
8/2/2019,216274.8425
8/1/2019,214277.7503
7/31/2019,212485.4881
7/30/2019,213737.0196
7/29/2019,211734.9196
7/26/2019,209014.1169
7/25/2019,209835.4912
7/24/2019,209835.4912
7/23/2019,210554.1938
7/22/2019,208449.422
7/19/2019,208911.445
7/18/2019,212248.2786
7/17/2019,210271.8464
7/16/2019,209424.804
7/15/2019,207807.7232
7/12/2019,204650.5654
7/11/2019,207910.395
7/10/2019,217715.5519
7/9/2019,217818.2237
7/8/2019,215713.4518
7/5/2019,219717.652
7/3/2019,223054.4855
7/2/2019,219486.6404
7/1/2019,217535.8762
6/28/2019,215883.9329
6/27/2019,215832.4401
6/26/2019,215085.7932
6/25/2019,219462.6887
6/24/2019,220157.8426
6/21/2019,217737.6769
6/20/2019,217814.9162
6/19/2019,219771.646
6/18/2019,217531.7054
6/17/2019,214467.8785
6/14/2019,213129.0634
6/13/2019,213438.0208
6/12/2019,215523.4827
6/11/2019,213643.9923
6/10/2019,212356.6701
6/7/2019,212305.1772
6/6/2019,209679.0399
6/5/2019,210322.701
6/4/2019,208752.168
6/3/2019,206640.9595
5/31/2019,203937.5829
5/30/2019,205147.6658
5/29/2019,204323.7796
5/28/2019,206640.9595
5/24/2019,208983.8859
5/23/2019,208597.6893
5/22/2019,208494.7035
5/21/2019,204684.2298
5/20/2019,203087.9503
5/17/2019,202676.0072
5/16/2019,203731.6114
5/15/2019,199663.6732
5/14/2019,199328.9694
5/13/2019,198685.3083
5/10/2019,201311.4456
5/9/2019,201671.8959
5/8/2019,201285.6992
5/7/2019,200564.7988
5/6/2019,204632.7369
5/3/2019,205971.552
5/2/2019,204735.7227
5/1/2019,202676.0072
4/30/2019,202650.2607
4/29/2019,198328.2067
4/26/2019,197940.7461
4/25/2019,197191.6554
4/24/2019,193032.9108
4/23/2019,192697.1115
4/22/2019,189752.4104
4/18/2019,189054.9811
4/17/2019,190940.6231
4/16/2019,200343.0023
4/15/2019,202848.5813
4/12/2019,205173.3454
4/11/2019,206232.4046
4/10/2019,208763.8144
4/9/2019,208712.153
4/8/2019,209099.6136
4/5/2019,209616.2279
4/4/2019,211424.3777
4/3/2019,214859.8624
4/2/2019,214937.3546
4/1/2019,215169.831
3/29/2019,214834.3561
3/28/2019,213319.0458
3/27/2019,212441.2958
3/26/2019,214067.7148
3/25/2019,212596.1929
3/22/2019,212441.2958
3/21/2019,214145.1633
3/20/2019,211899.1562
3/19/2019,211460.2812
3/18/2019,210014.5755
3/15/2019,210582.5313
3/14/2019,210376.0019
3/13/2019,210659.9798
3/12/2019,209704.7814
3/11/2019,208775.3991
3/8/2019,206013.0685
3/7/2019,207691.1198
3/6/2019,208491.4212
3/5/2019,210918.1416
3/4/2019,210066.2078
3/1/2019,210789.0607
2/28/2019,209859.6784
2/27/2019,208097.9806
2/26/2019,208407.727
2/25/2019,207478.4877
2/22/2019,208485.1636
2/21/2019,206058.8165
2/20/2019,205026.3284
2/19/2019,204535.8966
2/15/2019,206007.1921
2/14/2019,203761.5305
2/13/2019,203968.0281
2/12/2019,202677.418
2/11/2019,198005.4092
2/8/2019,200096.1977
2/7/2019,198289.3434
2/6/2019,199760.639
2/5/2019,199141.1461
2/4/2019,198418.4045
2/1/2019,197334.2919
1/31/2019,192120.2269
1/30/2019,190216.0905
1/29/2019,189853.1322
1/28/2019,189049.4387
1/25/2019,189127.2155
1/24/2019,189697.5786
1/23/2019,195582.6887
1/22/2019,196593.7869
1/18/2019,196697.4893
1/17/2019,195997.4982
1/16/2019,193430.8643
1/15/2019,193145.6827
1/14/2019,190216.0905
1/11/2019,194182.7066
1/10/2019,193093.8316
1/9/2019,195504.9119
1/8/2019,197008.5964
1/7/2019,195556.7631
1/4/2019,197734.5131
1/3/2019,191953.1054
1/2/2019,195971.5726
12/31/2018,198097.4714
12/28/2018,195990.3768
12/27/2018,196016.3806
12/26/2018,192427.861
12/24/2018,185016.788
12/21/2018,189567.4468
12/20/2018,191101.669
12/19/2018,191829.7744
12/18/2018,193285.9852
12/17/2018,195626.3241
12/14/2018,198876.7947
12/13/2018,205455.7473
12/12/2018,202855.3708
12/11/2018,200515.0319
12/10/2018,201321.1486
12/7/2018,199500.8851
12/6/2018,203791.5063
12/4/2018,203375.4461
12/3/2018,206001.8263
11/30/2018,206313.8715
11/29/2018,202595.3331
11/28/2018,200827.0771
11/27/2018,198512.742
11/26/2018,196172.4032
11/23/2018,194170.1133
11/21/2018,194482.1584
11/20/2018,194456.1547
11/19/2018,198538.7458
11/16/2018,197784.6366
11/15/2018,194612.1773
11/14/2018,192661.8949
11/13/2018,194014.0907
11/12/2018,194222.1208
11/9/2018,194664.1848
11/8/2018,196276.4182
11/7/2018,195236.2676
11/6/2018,190633.6012
11/5/2018,190139.5297
11/2/2018,187929.2097
11/1/2018,190139.5297
10/31/2018,191413.7142
10/30/2018,193742.3401
10/29/2018,189966.9301
10/26/2018,187175.2538
10/25/2018,186005.4084
10/24/2018,187547.4773
10/23/2018,191695.1107
10/22/2018,192944.7183
10/19/2018,192359.7956
10/18/2018,191987.5721
10/17/2018,190950.6637
10/16/2018,189355.4201
10/15/2018,184676.0387
10/12/2018,185606.5975
10/11/2018,181778.0128
10/10/2018,187308.1907
10/9/2018,192333.2082
10/8/2018,189993.5175
10/5/2018,188850.2596
10/4/2018,189355.4201
10/3/2018,189754.231
10/2/2018,190764.552
10/1/2018,190179.6293
9/28/2018,188666.7248
9/27/2018,188081.6292
9/26/2018,187044.4143
9/25/2018,187895.4624
9/24/2018,188241.2007
9/21/2018,189092.2488
9/20/2018,188241.2007
9/19/2018,186113.5805
9/18/2018,187283.7716
9/17/2018,187283.7716
9/14/2018,186113.5805
9/13/2018,188374.177
9/12/2018,185794.4375
9/11/2018,183720.0077
9/10/2018,184996.5799
9/7/2018,185289.1277
9/6/2018,184517.8653
9/5/2018,182496.6261
9/4/2018,180714.7441
8/31/2018,182416.8403
8/30/2018,182283.8641
8/29/2018,183001.9359
8/28/2018,182523.2213
8/27/2018,183480.6504
8/24/2018,183613.6267
8/23/2018,183427.4599
8/22/2018,183613.6267
8/21/2018,183959.365
8/20/2018,186618.8903
8/17/2018,183666.8172
8/16/2018,183108.3169
8/15/2018,179172.2195
8/14/2018,176752.0514
8/13/2018,177443.528
8/10/2018,175714.8366
8/9/2018,175528.6698
8/8/2018,177363.7423
8/7/2018,177071.1945
8/6/2018,176113.7654
8/3/2018,175342.503
8/2/2018,173454.2401
8/1/2018,174172.3119
7/31/2018,175182.9315
7/30/2018,173045.4155
7/27/2018,169520.9602
7/26/2018,170909.382
7/25/2018,172191.0021
7/24/2018,169334.0573
7/23/2018,167384.9267
7/20/2018,166931.0196
7/19/2018,166904.3192
7/18/2018,168052.4372
7/17/2018,166957.72
7/16/2018,167117.9225
7/13/2018,167918.9351
7/12/2018,167304.8255
7/11/2018,165275.5936
7/10/2018,166343.6104
7/9/2018,165595.9986
7/6/2018,166076.6062
7/5/2018,164581.3827
7/3/2018,162098.2437
7/2/2018,161430.7333
6/29/2018,163301.4467
6/28/2018,162225.3252
6/27/2018,161095.3975
6/26/2018,163355.2528
6/25/2018,164323.7622
6/22/2018,165372.9807
6/21/2018,164592.7926
6/20/2018,164861.823
6/19/2018,164189.247
6/18/2018,164081.6349
6/15/2018,166879.5509
6/14/2018,165615.1081
6/13/2018,168386.1211
6/12/2018,167982.5755
6/11/2018,167686.6421
6/8/2018,168359.2181
6/7/2018,166771.9388
6/6/2018,166610.5205
6/5/2018,165157.7564
6/4/2018,166852.6479
6/1/2018,162924.8042
5/31/2018,160153.7912
5/30/2018,160664.9489
5/29/2018,157113.7478
5/25/2018,158970.0575
5/24/2018,159077.6696
5/23/2018,159185.2818
5/22/2018,157248.263
5/21/2018,157571.0994
5/18/2018,159104.5726
5/17/2018,158916.2514
5/16/2018,160745.658
5/15/2018,159265.9909
5/14/2018,160557.3368
5/11/2018,160584.2398
5/10/2018,156199.0444
5/9/2018,155903.111
5/8/2018,152701.6494
5/7/2018,154369.6378
5/4/2018,155365.0502
5/3/2018,154773.1834
5/2/2018,154154.4135
5/1/2018,155983.8201
4/30/2018,158378.1906
4/27/2018,160121.8689
4/26/2018,159960.32
4/25/2018,160552.6659
4/24/2018,161791.2073
4/23/2018,162222.0044
4/20/2018,158398.6808
4/19/2018,157887.1093
4/18/2018,158641.0041
4/17/2018,159583.3726
4/16/2018,157914.0341
4/13/2018,153929.1616
4/12/2018,152771.3946
4/11/2018,151317.4547
4/10/2018,152098.2743
4/9/2018,151209.7554
4/6/2018,143670.8075
4/5/2018,146821.0107
4/4/2018,146847.9356
4/3/2018,145636.3189
4/2/2018,143428.4842
3/29/2018,146672.1697
3/28/2018,148341.6528
3/27/2018,144878.0725
3/26/2018,145659.7402
3/23/2018,143961.6345
3/22/2018,145875.3727
3/21/2018,147411.7541
3/20/2018,147276.9838
3/19/2018,147250.0298
3/16/2018,150053.252
3/15/2018,148921.1815
3/14/2018,147708.2488
3/13/2018,149244.6302
3/12/2018,149217.6762
3/9/2018,148624.6868
3/8/2018,147600.4326
3/7/2018,146818.7648
3/6/2018,146360.5458
3/5/2018,146630.0864
3/2/2018,146522.2702
3/1/2018,144743.3022
2/28/2018,146144.9133
2/27/2018,147535.5442
2/26/2018,151148.4394
2/23/2018,147939.9727
2/22/2018,147131.1156
2/21/2018,147077.1918
2/20/2018,148236.5537
2/16/2018,151768.5632
2/15/2018,150959.7061
2/14/2018,148020.8584
2/13/2018,148020.8584
2/12/2018,149449.8394
2/9/2018,147939.9727
2/8/2018,147562.5061
2/7/2018,150663.1251
2/6/2018,149530.7251
2/5/2018,152065.1442
2/2/2018,157888.9157
2/1/2018,161393.9633
1/31/2018,159749.2871
1/30/2018,163549.4935
1/29/2018,166192.1729
1/26/2018,167297.7837
1/25/2018,165302.2911
1/24/2018,164978.6977
1/23/2018,166380.9357
1/22/2018,165167.4605
1/19/2018,165248.3588
1/18/2018,164843.8671
1/17/2018,167270.8175
1/16/2018,167378.682
1/12/2018,158183.2365
1/11/2018,155324.8282
1/10/2018,154515.8447
1/9/2018,153167.5389
1/8/2018,152790.0133
1/5/2018,153679.8951
1/4/2018,153841.6918
1/3/2018,151387.7752
1/2/2018,151603.5042
12/29/2017,153304.0587
12/28/2017,154203.1229
12/27/2017,153494.7693
12/26/2017,153494.7693
12/22/2017,153549.258
12/21/2017,154203.1229
12/20/2017,152868.1488
12/19/2017,153195.0813
12/18/2017,153167.8369
12/15/2017,153222.3256
12/14/2017,152595.7052
12/13/2017,155047.6983
12/12/2017,155483.6082
12/11/2017,153494.7693
12/8/2017,151396.953
12/7/2017,149217.4035
12/6/2017,148073.1401
12/5/2017,151941.8403
12/4/2017,153167.8369
12/1/2017,152214.284
11/30/2017,150579.6219
11/29/2017,150824.8212
11/28/2017,149653.3134
11/27/2017,148618.0274
11/24/2017,148073.1401
11/22/2017,148127.6288
11/21/2017,147855.1851
11/20/2017,147392.0309
11/17/2017,150388.9114
11/16/2017,150307.1783
11/15/2017,149299.1366
11/14/2017,149816.7796
11/13/2017,150116.4677
11/10/2017,151151.7537
11/9/2017,153140.5925
11/8/2017,154148.6341
11/7/2017,151451.4417
11/6/2017,152241.5284
11/3/2017,152731.927
11/2/2017,150852.0656
11/1/2017,150770.3325
10/31/2017,150089.2233
10/30/2017,149161.6066
10/27/2017,158785.8156
10/26/2017,169009.8336
10/25/2017,170263.9798
10/24/2017,172063.4069
10/23/2017,172854.0643
10/20/2017,174162.7386
10/19/2017,173808.306
10/18/2017,173153.9688
10/17/2017,172363.3115
10/16/2017,172690.48
10/13/2017,172826.8003
10/12/2017,174026.4184
10/11/2017,173890.0981
10/10/2017,175744.0534
10/9/2017,175389.6208
10/6/2017,175989.4298
10/5/2017,176125.7501
10/4/2017,176125.7501
10/3/2017,175498.677
10/2/2017,175989.4298
9/29/2017,174632.4958
9/28/2017,175341.6079
9/27/2017,176105.2672
9/26/2017,176623.4645
9/25/2017,177768.9533
9/22/2017,177632.5856
9/21/2017,178914.4421
9/20/2017,179432.6394
9/19/2017,179869.0161
9/18/2017,179978.1103
9/15/2017,180441.7605
9/14/2017,180332.6663
9/13/2017,178505.3389
9/12/2017,178532.6125
9/11/2017,177632.5856
9/8/2017,175287.0609
9/7/2017,175423.4286
9/6/2017,174550.6752
9/5/2017,173514.2806
9/1/2017,174087.025
8/31/2017,174168.8456
8/30/2017,172150.6034
8/29/2017,172150.6034
8/28/2017,172696.0743
8/25/2017,171659.6796
8/24/2017,171032.3882
8/23/2017,169505.0697
8/22/2017,170241.4554
8/21/2017,169014.146
8/18/2017,167705.0159
8/17/2017,168659.5899
8/16/2017,171005.1146
8/15/2017,170459.6438
8/14/2017,170923.294
8/11/2017,170132.3612
8/10/2017,169586.8904
8/9/2017,170432.3702
8/8/2017,169968.72
8/7/2017,171386.9442
8/4/2017,172096.0563
8/3/2017,173241.5451
8/2/2017,173023.3568
8/1/2017,174332.4869
7/31/2017,174223.3927
7/28/2017,174836.2274
7/27/2017,173690.8333
7/26/2017,168536.5598
7/25/2017,170063.752
7/24/2017,170636.449
7/21/2017,170800.0767
7/20/2017,171645.4867
7/19/2017,170772.8055
7/18/2017,170200.1084
7/17/2017,170745.5342
7/14/2017,171972.7421
7/13/2017,171509.1302
7/12/2017,171209.1461
7/11/2017,170009.2094
7/10/2017,171345.5025
7/7/2017,172245.455
7/6/2017,172081.8273
7/5/2017,174972.5838
7/3/2017,175272.568
6/30/2017,174781.6848
6/29/2017,175980.4839
6/28/2017,178223.3188
6/27/2017,179262.6813
6/26/2017,180302.0438
6/23/2017,180958.4833
6/22/2017,180575.5603
6/21/2017,179043.8682
6/20/2017,176500.1652
6/19/2017,174175.2754
6/16/2017,172233.3086
6/15/2017,172835.0448
6/14/2017,173327.3744
6/13/2017,173053.8579
6/12/2017,176117.2422
6/9/2017,176117.2422
6/8/2017,172862.3964
6/7/2017,175214.6379
6/6/2017,176883.0882
6/5/2017,177977.154
6/2/2017,179071.2198
6/1/2017,178496.8353
5/31/2017,178086.5606
5/30/2017,177457.4728
5/26/2017,177566.8793
5/25/2017,177895.0991
5/24/2017,177594.231
5/23/2017,176554.8685
5/22/2017,175159.9346
5/19/2017,174448.7918
5/18/2017,174749.6599
5/17/2017,172315.3635
5/16/2017,174476.1435
5/15/2017,173710.2974
5/12/2017,173874.4073
5/11/2017,176226.6487
5/10/2017,174886.4181
5/9/2017,173108.5612
5/8/2017,175077.8796
5/5/2017,174968.4731
5/4/2017,173354.726
5/3/2017,174038.5171
5/2/2017,171494.8142
5/1/2017,170619.5615
4/28/2017,170811.3696
4/27/2017,171496.4786
4/26/2017,171825.3309
4/25/2017,170729.1566
4/24/2017,170290.6868
4/21/2017,169605.5779
4/20/2017,171414.2655
4/19/2017,171660.9048
4/18/2017,170646.9435
4/17/2017,172099.3745
4/13/2017,171578.6917
4/12/2017,172784.4835
4/11/2017,171496.4786
4/10/2017,171414.2655
4/7/2017,173003.7184
4/6/2017,173305.1663
4/5/2017,174209.5102
4/4/2017,174483.5538
4/3/2017,173935.4666
3/31/2017,174127.2971
3/30/2017,173950.0595
3/29/2017,174470.9501
3/28/2017,173648.4912
3/27/2017,173237.2617
3/24/2017,173465.1821
3/23/2017,173739.7392
3/22/2017,174343.7648
3/21/2017,175469.449
3/20/2017,176018.5632
3/17/2017,175441.9933
3/16/2017,176210.7532
3/15/2017,177638.4502
3/14/2017,176265.6646
3/13/2017,176128.3861
3/10/2017,180109.4642
3/9/2017,180905.6798
3/8/2017,180658.5784
3/7/2017,181097.8698
3/6/2017,182498.111
3/3/2017,182800.1238
3/2/2017,181427.3383
3/1/2017,181784.2625
2/28/2017,180850.7684
2/27/2017,180795.8569
2/24/2017,181646.984
2/23/2017,180795.8569
2/22/2017,179258.3371
2/21/2017,179779.9956
2/17/2017,179532.8942
2/16/2017,179175.97
2/15/2017,178901.4129
2/14/2017,180274.1984
2/13/2017,177830.6401
2/10/2017,176128.3861
2/9/2017,176787.3231
2/8/2017,176595.1332
2/7/2017,176265.6646
2/6/2017,178297.3872
2/3/2017,176512.766
2/2/2017,176210.7532
2/1/2017,170499.9653
1/31/2017,170197.9525
1/30/2017,168854.5638
1/27/2017,169734.1578
1/26/2017,168222.3556
1/25/2017,167892.5078
1/24/2017,168249.8429
1/23/2017,169899.0817
1/20/2017,171878.1682
1/19/2017,165830.9593
1/18/2017,168139.8936
1/17/2017,168992.0003
1/13/2017,171355.9092
1/12/2017,170998.5742
1/11/2017,169404.31
1/10/2017,164703.9795
1/9/2017,167947.4824
1/6/2017,165666.0355
1/5/2017,165226.2384
1/4/2017,165281.2131
1/3/2017,165336.1877
12/30/2016,162312.6846
12/29/2016,162781.398
12/28/2016,163415.5396
12/27/2016,164849.2511
12/23/2016,164215.1095
12/22/2016,164270.2522
12/21/2016,163856.6816
12/20/2016,166806.8187
12/19/2016,168571.3867
12/16/2016,172155.6655
12/15/2016,171962.6659
12/14/2016,170391.0975
12/13/2016,170363.5261
12/12/2016,170170.5265
12/9/2016,168819.5291
12/8/2016,165759.1065
12/7/2016,165593.6782
12/6/2016,166200.2485
12/5/2016,166117.5344
12/2/2016,168543.8154
12/1/2016,167523.6745
11/30/2016,168709.2436
11/29/2016,171466.3811
11/28/2016,170391.0975
11/25/2016,171521.5239
11/23/2016,169949.9555
11/22/2016,170115.3838
11/21/2016,171769.6662
11/18/2016,170584.0971
11/17/2016,172872.5212
11/16/2016,172679.5216
11/15/2016,175491.8019
11/14/2016,175160.9454
11/11/2016,176318.9431
11/10/2016,179103.652
11/9/2016,176953.0848
11/8/2016,166834.3901
11/7/2016,165566.1069
11/4/2016,162174.8278
11/3/2016,161099.5441
11/2/2016,162229.9705
11/1/2016,163498.2537
10/31/2016,161899.114
10/28/2016,162496.145
10/27/2016,169262.2149
10/26/2016,168102.3172
10/25/2016,171084.9113
10/24/2016,167770.9179
10/21/2016,169013.6654
10/20/2016,171002.0615
10/19/2016,170863.9784
10/18/2016,171471.5439
10/17/2016,169897.397
10/14/2016,171609.627
10/13/2016,172631.4416
10/12/2016,170284.0296
10/11/2016,171029.6781
10/10/2016,176470.1507
10/7/2016,173349.4735
10/6/2016,173045.6908
10/5/2016,173432.3234
10/4/2016,172493.3586
10/3/2016,172659.0582
9/30/2016,172355.2755
9/29/2016,171194.0397
9/28/2016,175037.6791
9/27/2016,173019.0771
9/26/2016,171857.6896
9/23/2016,174097.5083
9/22/2016,174263.4208
9/21/2016,173378.5541
9/20/2016,171276.9959
9/19/2016,169590.2189
9/16/2016,172217.1667
9/15/2016,172493.6875
9/14/2016,169645.5231
9/13/2016,170917.5188
9/12/2016,174733.5062
9/9/2016,172797.8604
9/8/2016,174871.7666
9/7/2016,173848.6395
9/6/2016,174871.7666
9/2/2016,174152.8124
9/1/2016,173931.5958
8/31/2016,173627.4229
8/30/2016,173406.2062
8/29/2016,174235.7687
8/26/2016,173793.3354
8/25/2016,172327.775
8/24/2016,173461.5104
8/23/2016,175811.9374
8/22/2016,175728.9811
8/19/2016,175203.5916
8/18/2016,175950.1978
8/17/2016,175010.027
8/16/2016,174318.7249
8/15/2016,175092.9832
8/12/2016,175175.9395
8/11/2016,175950.1978
8/10/2016,173212.6416
8/9/2016,172797.8604
8/8/2016,173820.9875
8/5/2016,176586.1957
8/4/2016,159939.6423
8/3/2016,159414.2527
8/2/2016,161294.5943
8/1/2016,162207.113
7/29/2016,162231.7091
7/28/2016,161595.6148
7/27/2016,162065.7715
7/26/2016,161402.0209
7/25/2016,161955.1464
7/22/2016,162674.2096
7/21/2016,162591.2407
7/20/2016,162591.2407
7/19/2016,162231.7091
7/18/2016,163227.3351
7/15/2016,164914.3678
7/14/2016,164969.6804
7/13/2016,164693.1176
7/12/2016,164831.399
7/11/2016,164112.3358
7/8/2016,164139.9921
7/7/2016,162563.5844
7/6/2016,163614.5229
7/5/2016,160406.395
7/1/2016,160240.4573
6/30/2016,159327.8003
6/29/2016,157915.8434
6/28/2016,153846.8462
6/27/2016,153099.4793
6/24/2016,154677.2538
6/23/2016,159659.6993
6/22/2016,157888.1631
6/21/2016,155701.4231
6/20/2016,155396.9403
6/17/2016,154704.934
6/16/2016,159161.4547
6/15/2016,155258.5391
6/14/2016,155701.4231
6/13/2016,155313.8996
6/10/2016,157251.5173
6/9/2016,158275.6867
6/8/2016,159493.6178
6/7/2016,157777.4421
6/6/2016,158248.0064
6/3/2016,156780.953
6/2/2016,157279.1975
6/1/2016,155922.8651
5/31/2016,155729.1034
5/27/2016,156338.0689
5/26/2016,156088.9467
5/25/2016,156587.1912
5/24/2016,153902.2067
5/23/2016,152019.9495
5/20/2016,152545.8743
5/19/2016,151078.8209
5/18/2016,151327.9432
5/17/2016,150359.1343
5/16/2016,151272.5826
5/13/2016,149141.2032
5/12/2016,149805.5292
5/11/2016,150331.454
5/10/2016,151355.6234
5/9/2016,149750.1687
5/6/2016,148366.1561
5/5/2016,149722.4885
5/4/2016,151715.4667
5/3/2016,152462.8335
5/2/2016,153071.7991
4/29/2016,151882.2701
4/28/2016,154374.8675
4/27/2016,155953.5125
4/26/2016,155205.7333
4/25/2016,155704.2528
4/22/2016,157144.4202
4/21/2016,156756.6828
4/20/2016,156701.2918
4/19/2016,157476.7665
4/18/2016,156507.4231
4/15/2016,155482.6886
4/14/2016,156341.2499
4/13/2016,154984.1691
4/12/2016,153267.0464
4/11/2016,152463.8761
4/8/2016,153322.4375
4/7/2016,153488.6106
4/6/2016,154070.2167
4/5/2016,150220.5384
4/4/2016,150663.6669
4/1/2016,148724.98
3/31/2016,146537.0334
3/30/2016,147699.2627
3/29/2016,147976.7886
3/28/2016,146616.9118
3/24/2016,147282.9739
3/23/2016,147310.7265
3/22/2016,147171.9636
3/21/2016,146533.6541
3/18/2016,145007.2618
3/17/2016,143009.0757
3/16/2016,144146.9317
3/15/2016,145479.0558
3/14/2016,147310.7265
3/11/2016,147643.7575
3/10/2016,147199.7161
3/9/2016,145312.5403
3/8/2016,145562.3136
3/7/2016,146089.6127
3/4/2016,144535.4679
3/3/2016,144590.9731
3/2/2016,145062.767
3/1/2016,143619.6326
2/29/2016,139345.7343
2/26/2016,140539.0955
2/25/2016,141538.1886
2/24/2016,140317.0748
2/23/2016,140261.5696
2/22/2016,140899.8791
2/19/2016,139095.961
2/18/2016,139651.0128
2/17/2016,140428.0852
2/16/2016,138152.3731
2/12/2016,136070.9292
2/11/2016,135571.3826
2/10/2016,137458.5585
2/9/2016,136431.7128
2/8/2016,135515.8774
2/5/2016,137042.2697
2/4/2016,134849.8154
2/3/2016,138901.6929
2/2/2016,139900.786
2/1/2016,140844.374
1/29/2016,140919.7608
1/28/2016,136831.5025
1/27/2016,140085.4224
1/26/2016,143089.0407
1/25/2016,141615.0429
1/22/2016,142810.9279
1/21/2016,141615.0429
1/20/2016,140586.0255
1/19/2016,142783.1167
1/15/2016,142226.891
1/14/2016,144062.4356
1/13/2016,140891.9495
1/12/2016,143951.1905
1/11/2016,142532.8151
1/8/2016,142060.0233
1/7/2016,144507.4161
1/6/2016,145786.735
1/5/2016,147816.9585
1/4/2016,145953.6027
12/31/2015,146899.1862
12/30/2015,148756.1701
12/29/2015,149007.589
12/28/2015,147610.8174
12/24/2015,147638.7528
12/23/2015,148001.9134
12/22/2015,145543.5955
12/21/2015,144901.0806
12/18/2015,144258.5657
12/17/2015,147107.9796
12/16/2015,150907.1983
12/15/2015,147778.43
12/14/2015,145822.9498
12/11/2015,145683.2727
12/10/2015,149985.329
12/9/2015,147554.9465
12/8/2015,149370.7496
12/7/2015,149957.3936
12/4/2015,149845.6519
12/3/2015,146912.4316
12/2/2015,150348.4896
12/1/2015,152443.647
11/30/2015,148085.7197
11/27/2015,150739.5857
11/25/2015,150069.1353
11/24/2015,149398.685
11/23/2015,150879.2628
11/20/2015,151130.6817
11/19/2015,151633.5195
11/18/2015,151493.8423
11/17/2015,150041.1999
11/16/2015,150013.2645
11/13/2015,148141.5906
11/12/2015,148141.5906
11/11/2015,150069.1353
11/10/2015,152052.5509
11/9/2015,151521.7777
11/6/2015,152555.3887
11/5/2015,153784.5477
11/4/2015,155125.4483
11/3/2015,153952.1602
11/2/2015,153952.1602
10/30/2015,153170.1378
10/29/2015,153758.607
10/28/2015,154403.121
10/27/2015,149835.4787
10/26/2015,148266.2274
10/23/2015,148182.1604
10/22/2015,145744.2163
10/21/2015,141765.0434
10/20/2015,141204.5965
10/19/2015,144034.8533
10/16/2015,144259.0321
10/15/2015,142129.3338
10/14/2015,138822.6971
10/13/2015,138626.5407
10/12/2015,142101.3115
10/9/2015,142773.8478
10/8/2015,142970.0042
10/7/2015,142773.8478
10/6/2015,139551.2781
10/5/2015,143558.4734
10/2/2015,140504.0378
10/1/2015,138346.3173
9/30/2015,138402.362
9/29/2015,137029.2928
9/28/2015,136381.4667
9/25/2015,139705.096
9/24/2015,142493.5647
9/23/2015,143732.8841
9/22/2015,142916.0599
9/21/2015,143592.0523
9/18/2015,146831.1826
9/17/2015,151985.6246
9/16/2015,151732.1274
9/15/2015,150830.8043
9/14/2015,147422.6759
9/11/2015,146718.5172
9/10/2015,148492.9972
9/9/2015,146267.8556
9/8/2015,148408.4982
9/4/2015,145310.1997
9/3/2015,148295.8328
9/2/2015,149225.3223
9/1/2015,147957.8366
8/31/2015,151675.7948
8/28/2015,155957.08
8/27/2015,154774.0933
8/26/2015,153281.2767
8/25/2015,144127.213
8/24/2015,152070.1237
8/21/2015,157083.734
8/20/2015,160407.3633
8/19/2015,168040.4441
8/18/2015,168040.4441
8/17/2015,168181.2758
8/14/2015,166688.4593
8/13/2015,166125.1323
8/12/2015,164097.1551
8/11/2015,162688.8376
8/10/2015,164519.6504
8/7/2015,163280.331
8/6/2015,164575.983
8/5/2015,166463.1285
8/4/2015,165336.4745
8/3/2015,166322.2968
7/31/2015,166068.7996
7/30/2015,165257.8934
7/29/2015,165314.3725
7/28/2015,162433.9376
7/27/2015,160937.241
7/24/2015,162123.3025
7/23/2015,163987.1133
7/22/2015,164156.5507
7/21/2015,165681.4868
7/20/2015,166613.3922
7/17/2015,166105.0802
7/16/2015,166105.0802
7/15/2015,164410.7067
7/14/2015,164325.988
7/13/2015,163422.3221
7/10/2015,163648.2386
7/9/2015,162038.5838
7/8/2015,161953.8651
7/7/2015,163761.1968
7/6/2015,162518.6563
7/2/2015,162857.531
7/1/2015,162659.8541
6/30/2015,160767.8037
6/29/2015,161856.9512
6/26/2015,165247.2172
6/25/2015,163580.3364
6/24/2015,164540.9118
6/23/2015,166772.837
6/22/2015,166207.7926
6/19/2015,163975.8675
6/18/2015,165529.7394
6/17/2015,163608.5886
6/16/2015,163043.5443
6/15/2015,161376.6635
6/12/2015,163495.5798
6/11/2015,166433.8103
6/10/2015,168411.4655
6/9/2015,166236.0448
6/8/2015,166320.8015
6/5/2015,166659.8281
6/4/2015,168015.9345
6/3/2015,170615.1385
6/2/2015,170191.3552
6/1/2015,171632.2183
5/29/2015,172027.7493
5/28/2015,168665.7355
5/27/2015,167987.6823
5/26/2015,166603.3236
5/22/2015,167761.6645
5/21/2015,169795.8242
5/20/2015,170812.904
5/19/2015,170982.4173
5/18/2015,169541.5542
5/15/2015,170163.103
5/14/2015,168891.7532
5/13/2015,167196.6202
5/12/2015,167931.1778
5/11/2015,169513.302
5/8/2015,171603.9661
5/7/2015,170360.8685
5/6/2015,170247.8596
5/5/2015,170897.6606
5/4/2015,171321.4439
5/1/2015,169117.771
4/30/2015,168270.2045
4/29/2015,168798.2257
4/28/2015,169646.7422
4/27/2015,161500.9834
4/24/2015,162915.1776
4/23/2015,162660.6226
4/22/2015,163169.7326
4/21/2015,163084.8809
4/20/2015,162943.4615
4/17/2015,160878.7379
4/16/2015,163593.9908
4/15/2015,165319.3078
4/14/2015,163367.7198
4/13/2015,160454.4796
4/10/2015,161925.2416
4/9/2015,162434.3516
4/8/2015,161642.4028
4/7/2015,162434.3516
4/6/2015,161727.2544
4/2/2015,161500.9834
4/1/2015,160822.1701
3/31/2015,162575.771
3/30/2015,165580.1738
3/27/2015,163905.64
3/26/2015,163479.911
3/25/2015,165353.1184
3/24/2015,166403.2497
3/23/2015,166687.069
3/20/2015,166261.3401
3/19/2015,165211.2087
3/18/2015,163621.8207
3/17/2015,160272.7531
3/16/2015,162117.5784
3/13/2015,159506.441
3/12/2015,159421.2952
3/11/2015,159109.094
3/10/2015,160584.9543
3/9/2015,162514.9255
3/6/2015,161322.8844
3/5/2015,164558.4243
3/4/2015,164274.6051
3/3/2015,165580.1738
3/2/2015,166261.3401
2/27/2015,166147.8124
2/26/2015,167339.8534
2/25/2015,166005.9027
2/24/2015,165636.9376
2/23/2015,165466.6461
2/20/2015,165608.5557
2/19/2015,165466.6461
2/18/2015,166885.7425
2/17/2015,166857.3606
2/13/2015,166914.1244
2/12/2015,167112.798
2/11/2015,166715.4509
2/10/2015,167027.6522
2/9/2015,165551.7919
2/6/2015,166857.3606
2/5/2015,167935.8739
2/4/2015,167595.2907
2/3/2015,173186.5308
2/2/2015,172789.1838
1/30/2015,171083.0913
1/29/2015,176220.125
1/28/2015,174403.7153
1/27/2015,177554.0509
1/26/2015,178291.9674
1/23/2015,177355.3811
1/22/2015,177639.1951
1/21/2015,176418.7948
1/20/2015,177695.9579
1/16/2015,178887.9768
1/15/2015,175624.1156
1/14/2015,177781.1021
1/13/2015,176503.939
1/12/2015,176816.1345
1/9/2015,177554.0509
1/8/2015,178377.1116
1/7/2015,174857.8177
1/6/2015,171196.6169
1/5/2015,164725.6572
1/2/2015,162313.238
12/31/2014,161177.982
12/30/2014,164352.8515
12/29/2014,164580.9214
12/26/2014,164723.4651
12/24/2014,163811.1856
12/23/2014,163098.4672
12/22/2014,168087.4957
12/19/2014,169855.0372
12/18/2014,168144.5131
12/17/2014,164295.834
12/16/2014,161929.6091
12/15/2014,162357.2401
12/12/2014,164552.4126
12/11/2014,169170.8276
12/10/2014,170995.3865
12/9/2014,171080.9127
12/8/2014,176412.046
12/5/2014,175300.2054
12/4/2014,173675.2075
12/3/2014,172705.9106
12/2/2014,173276.0853
12/1/2014,172534.8582
11/28/2014,172192.7534
11/26/2014,170339.6856
11/25/2014,169170.8276
11/24/2014,168914.249
11/21/2014,170083.107
11/20/2014,169284.8625
11/19/2014,170026.0896
11/18/2014,170738.8079
11/17/2014,169512.9324
11/14/2014,168401.0917
11/13/2014,169741.0022
11/12/2014,169085.3014
11/11/2014,169256.3538
11/10/2014,167659.8647
11/7/2014,169170.8276
11/6/2014,168942.7577
11/5/2014,169826.5284
11/4/2014,169256.3538
11/3/2014,167973.4607
10/31/2014,165179.6048
10/30/2014,163954.9066
10/29/2014,160779.371
10/28/2014,159778.076
10/27/2014,161494.5817
10/24/2014,164813.1595
10/23/2014,162009.5334
10/22/2014,158805.3894
10/21/2014,157718.2691
10/20/2014,154628.5587
10/17/2014,154542.7335
10/16/2014,152854.8361
10/15/2014,156573.9319
10/14/2014,161151.2806
10/13/2014,160607.7204
10/10/2014,167817.0445
10/9/2014,169390.5081
10/8/2014,172165.5257
10/7/2014,167244.8759
10/6/2014,170449.02
10/3/2014,171364.4897
10/2/2014,168360.6047
10/1/2014,167960.0867
9/30/2014,169590.7671
9/29/2014,171375.9871
9/26/2014,171318.2945
9/25/2014,172039.4525
9/24/2014,174116.3875
9/23/2014,173885.617
9/22/2014,174751.0066
9/19/2014,174491.3897
9/18/2014,173972.1559
9/17/2014,172731.7642
9/16/2014,173049.0737
9/15/2014,171693.2966
9/12/2014,171779.8356
9/11/2014,173366.3832
9/10/2014,175270.2403
9/9/2014,174693.3139
9/8/2014,176106.7836
9/5/2014,176481.7858
9/4/2014,173308.6906
9/3/2014,174462.5434
9/2/2014,172472.1473
8/29/2014,173395.2295
8/28/2014,173077.92
8/27/2014,173885.617
8/26/2014,173654.8464
8/25/2014,172299.0694
8/22/2014,170683.6754
8/21/2014,169760.5932
8/20/2014,171577.9114
8/19/2014,169933.6711
8/18/2014,168520.2014
8/15/2014,169068.2815
8/14/2014,169558.669
8/13/2014,166875.9612
8/12/2014,164510.563
8/11/2014,163443.2491
8/8/2014,163125.9396
8/7/2014,160500.9245
8/6/2014,161337.4678
8/5/2014,161625.931
8/4/2014,164597.1019
8/1/2014,163847.0976
7/31/2014,163674.0197
7/30/2014,168415.18
7/29/2014,169865.0352
7/28/2014,168096.2119
7/25/2014,168618.1598
7/24/2014,168792.1424
7/23/2014,168502.1713
7/22/2014,169430.0787
7/21/2014,168183.2032
7/18/2014,169169.1047
7/17/2014,167023.319
7/16/2014,168618.1598
7/15/2014,167922.2293
7/14/2014,168705.1511
7/11/2014,169459.0758
7/10/2014,169865.0352
7/9/2014,169778.0439
7/8/2014,168676.154
7/7/2014,169691.0526
7/3/2014,171662.8557
7/2/2014,171227.8991
7/1/2014,169662.0555
6/30/2014,167748.2466
6/27/2014,168124.3028
6/26/2014,171046.679
6/25/2014,172011.0631
6/24/2014,169264.0295
6/23/2014,170959.0077
6/20/2014,172186.4057
6/19/2014,170374.5325
6/18/2014,170695.9938
6/17/2014,169673.1622
6/16/2014,169702.3859
6/13/2014,170199.1899
6/12/2014,170374.5325
6/11/2014,171864.9443
6/10/2014,170929.7839
6/9/2014,169322.477
6/6/2014,169059.4632
6/5/2014,169790.0572
6/4/2014,169293.2533
6/3/2014,169234.8057
6/2/2014,169293.2533
5/30/2014,169088.6869
5/29/2014,168621.1067
5/28/2014,164822.0177
5/27/2014,165669.5068
5/23/2014,166020.1919
5/22/2014,165085.0315
5/21/2014,165348.0454
5/20/2014,163653.0672
5/19/2014,164675.8989
5/16/2014,163273.1583
5/15/2014,163331.6058
5/14/2014,164734.3464
5/13/2014,162922.4732
5/12/2014,161578.1801
5/9/2014,161344.39
5/8/2014,160233.887
5/7/2014,163185.487
5/6/2014,166896.9048
5/5/2014,171338.9166
5/2/2014,170140.7424
5/1/2014,174232.069
4/30/2014,171134.3503
4/29/2014,172022.4948
4/28/2014,166046.2365
4/25/2014,167686.778
4/24/2014,168536.3442
4/23/2014,168448.458
4/22/2014,169239.4334
4/21/2014,167716.0734
4/17/2014,165431.0334
4/16/2014,164815.8304
4/15/2014,164200.6273
4/14/2014,162794.4489
4/11/2014,163819.7873
4/10/2014,163614.7196
4/9/2014,167276.6426
4/8/2014,161241.7935
4/7/2014,161681.2243
4/4/2014,164405.695
4/3/2014,164669.3535
4/2/2014,165401.7381
4/1/2014,165138.0796
3/31/2014,166309.895
3/28/2014,164616.0476
3/27/2014,163880.8919
3/26/2014,164733.6725
3/25/2014,162292.9558
3/24/2014,158146.678
3/21/2014,160734.4258
3/20/2014,163469.2048
3/19/2014,164645.4538
3/18/2014,165733.4841
3/17/2014,165439.4218
3/14/2014,163792.6732
3/13/2014,164057.3293
3/12/2014,167056.7642
3/11/2014,166703.8895
3/10/2014,168556.4817
3/7/2014,168997.5751
3/6/2014,168380.0443
3/5/2014,167262.6078
3/4/2014,167791.9198
3/3/2014,165909.9214
2/28/2014,167586.0763
2/27/2014,166615.6708
2/26/2014,165468.8281
2/25/2014,164410.204
2/24/2014,165204.172
2/21/2014,164763.0787
2/20/2014,164116.1417
2/19/2014,161851.8624
2/18/2014,163763.267
2/14/2014,163028.1114
2/13/2014,162028.2998
2/12/2014,161734.2375
2/11/2014,163792.6732
2/10/2014,161410.769
2/7/2014,161057.8943
2/6/2014,158117.2718
2/5/2014,157411.5224
2/4/2014,157352.71
2/3/2014,153147.6198
1/31/2014,155764.7738
1/30/2014,156651.9537
1/29/2014,152846.169
1/28/2014,154778.3366
1/27/2014,153782.9776
1/24/2014,152172.8379
1/23/2014,151060.3777
1/22/2014,150328.496
1/21/2014,151733.7089
1/17/2014,152085.0121
1/16/2014,153695.1518
1/15/2014,153753.7023
1/14/2014,155158.9151
1/13/2014,155510.2183
1/10/2014,146025.0318
1/9/2014,144971.1222
1/8/2014,145761.5544
1/7/2014,146698.3629
1/6/2014,145615.1781
1/3/2014,145585.9028
1/2/2014,144883.2964
12/31/2013,146522.7113
12/30/2013,145921.1293
12/27/2013,145482.8399
12/26/2013,145278.3049
12/24/2013,144372.5069
12/23/2013,144226.4105
12/20/2013,144109.5333
12/19/2013,142560.911
12/18/2013,142882.3232
12/17/2013,139960.3943
12/16/2013,140515.5608
12/13/2013,141362.9202
12/12/2013,141187.6044
12/11/2013,143028.4197
12/10/2013,144430.9455
12/9/2013,144810.7963
12/6/2013,144314.0684
12/5/2013,142619.3496
12/4/2013,144080.3141
12/3/2013,145395.1821
12/2/2013,146622.3922
11/29/2013,145599.7171
11/27/2013,145599.7171
11/26/2013,144869.2349
11/25/2013,145102.9892
11/22/2013,142999.2004
11/21/2013,142064.1831
11/20/2013,140632.438
11/19/2013,140457.1222
11/18/2013,140281.8065
11/15/2013,140457.1222
11/14/2013,139726.64
11/13/2013,138324.1141
11/12/2013,139054.5964
11/11/2013,137330.6583
11/8/2013,136746.2725
11/7/2013,133882.7822
11/6/2013,134291.8522
11/5/2013,132538.6949
11/4/2013,133590.5893
11/1/2013,132158.8441
10/31/2013,131749.7741
10/30/2013,132399.9812
10/29/2013,133395.0297
10/28/2013,132721.9086
10/25/2013,136204.5783
10/24/2013,135268.0621
10/23/2013,136263.1106
10/22/2013,135999.7154
10/21/2013,136116.7799
10/18/2013,136409.4413
10/17/2013,137872.7479
10/16/2013,138048.3446
10/15/2013,136292.3767
10/14/2013,136819.1671
10/11/2013,138399.5382
10/10/2013,138984.8609
10/9/2013,138341.006
10/8/2013,139745.7803
10/7/2013,140155.5061
10/4/2013,141150.5546
10/3/2013,141531.0144
10/2/2013,141560.2805
10/1/2013,142643.1274
9/30/2013,139333.1308
9/27/2013,139851.4851
9/26/2013,139529.5838
9/25/2013,139500.3201
9/24/2013,139090.6275
9/23/2013,139529.5838
9/20/2013,140495.2878
9/19/2013,141212.2527
9/18/2013,141636.5742
9/17/2013,140495.2878
9/16/2013,141022.0353
9/13/2013,139851.4851
9/12/2013,140027.0677
9/11/2013,140875.7166
9/10/2013,140407.4965
9/9/2013,139705.1664
9/6/2013,138973.5725
9/5/2013,139032.1
9/4/2013,139529.5838
9/3/2013,138154.1874
8/30/2013,138388.2974
8/29/2013,137832.286
8/28/2013,137803.0223
8/27/2013,137861.5498
8/26/2013,139354.0013
8/23/2013,139675.9026
8/22/2013,139910.0127
8/21/2013,138885.7812
8/20/2013,139178.4188
8/19/2013,139236.9463
8/16/2013,139588.1114
8/15/2013,140378.2327
8/14/2013,142134.058
8/13/2013,141724.3655
8/12/2013,141841.4205
8/9/2013,141607.3104
8/8/2013,141841.4205
8/7/2013,142075.5305
8/6/2013,141753.6292
8/5/2013,142017.003
8/2/2013,142046.2668
8/1/2013,142163.3218
7/31/2013,140963.5078
7/30/2013,140617.018
7/29/2013,141465.6952
7/26/2013,141904.6661
7/25/2013,140968.1948
7/24/2013,139797.6057
7/23/2013,140265.8413
7/22/2013,139651.282
7/19/2013,139856.1351
7/18/2013,138714.8107
7/17/2013,140851.1359
7/16/2013,141143.7831
7/15/2013,141992.4603
7/12/2013,142050.9897
7/11/2013,141377.901
7/10/2013,140353.6355
7/9/2013,139358.6347
7/8/2013,138744.0754
7/5/2013,138012.4572
7/3/2013,136227.3088
7/2/2013,136227.3088
7/1/2013,135554.2201
6/28/2013,140260.9681
6/27/2013,142767.2459
6/26/2013,140985.6749
6/25/2013,139596.6535
6/24/2013,140140.1836
6/21/2013,141921.7546
6/20/2013,139838.2225
6/19/2013,143673.1294
6/18/2013,144186.4634
6/17/2013,144337.444
6/14/2013,144790.3858
6/13/2013,144639.4052
6/12/2013,142676.6576
6/11/2013,143612.7372
6/10/2013,146330.3878
6/7/2013,145515.0926
6/6/2013,146753.1335
6/5/2013,147145.683
6/4/2013,149289.6074
6/3/2013,146300.1917
5/31/2013,141015.8711
5/30/2013,142133.1274
5/29/2013,141529.2051
5/28/2013,143793.9139
5/24/2013,142404.8925
5/23/2013,142918.2265
5/22/2013,141046.0672
5/21/2013,142918.2265
5/20/2013,136516.6495
5/17/2013,138871.9467
5/16/2013,140019.3992
5/15/2013,141106.4594
5/14/2013,140864.8905
5/13/2013,139415.4768
5/10/2013,138751.1622
5/9/2013,137362.1408
5/8/2013,135852.3349
5/7/2013,136697.8262
5/6/2013,135822.1388
5/3/2013,137905.6709
5/2/2013,138086.8476
5/1/2013,137966.0631
4/30/2013,141921.7546
4/29/2013,144290.2269
4/26/2013,144441.095
4/25/2013,142872.067
4/24/2013,144682.4839
4/23/2013,146734.2897
4/22/2013,144591.9631
4/19/2013,143294.4976
4/18/2013,140488.3514
4/17/2013,141091.8237
4/16/2013,141695.296
4/15/2013,140186.6153
4/12/2013,142147.9003
4/11/2013,142449.6364
4/10/2013,141333.2127
4/9/2013,137320.1219
4/8/2013,137229.601
4/5/2013,136173.5245
4/4/2013,136746.8232
4/3/2013,136867.5176
4/2/2013,135509.705
4/1/2013,133819.9825
3/28/2013,133588.6435
3/27/2013,133286.4068
3/26/2013,134162.8933
3/25/2013,132047.2361
3/22/2013,132681.9332
3/21/2013,132349.4728
3/20/2013,133346.8541
3/19/2013,132077.4598
3/18/2013,131865.894
3/15/2013,133256.1831
3/14/2013,133800.2092
3/13/2013,134767.3668
3/12/2013,136127.4322
3/11/2013,131956.565
3/8/2013,129871.1315
3/7/2013,130777.8417
3/6/2013,132017.0124
3/5/2013,130717.3944
3/4/2013,130989.4074
3/1/2013,128843.5265
2/28/2013,129145.7633
2/27/2013,129871.1315
2/26/2013,128208.8294
2/25/2013,128511.0661
2/22/2013,129871.1315
2/21/2013,128450.6188
2/20/2013,128934.1975
2/19/2013,127604.3558
2/15/2013,125186.4618
2/14/2013,124491.3173
2/13/2013,124370.4226
2/12/2013,125277.1329
2/11/2013,125065.5672
2/8/2013,124461.0936
2/7/2013,123917.0675
2/6/2013,124189.0806
2/5/2013,125216.6855
2/4/2013,123463.7124
2/1/2013,126425.6325
1/31/2013,130717.3944
1/30/2013,131658.6356
1/29/2013,132142.8972
1/28/2013,129933.4534
1/25/2013,131537.5701
1/24/2013,130145.3179
1/23/2013,129600.5235
1/22/2013,130750.645
1/18/2013,130084.7852
1/17/2013,129388.6591
1/16/2013,128753.0657
1/15/2013,129751.8553
1/14/2013,131174.3739
1/11/2013,130841.444
1/10/2013,129479.4581
1/9/2013,128904.3974
1/8/2013,127663.477
1/7/2013,127481.8788
1/4/2013,127027.8835
1/3/2013,128117.4722
1/2/2013,125121.1033
12/31/2012,123910.4492
12/28/2012,123548.522
12/27/2012,125250.9623
12/26/2012,125676.5723
12/24/2012,125919.7781
12/21/2012,126223.7853
12/20/2012,128166.3912
12/19/2012,132729.5392
12/18/2012,134492.7809
12/17/2012,132638.337
12/14/2012,132364.7305
12/13/2012,133611.16
12/12/2012,137593.6542
12/11/2012,137380.8492
12/10/2012,135222.3981
12/7/2012,135678.4089
12/6/2012,135313.6003
12/5/2012,134948.7916
12/4/2012,134979.1924
12/3/2012,135105.0483
11/30/2012,134675.1852
11/29/2012,135921.6146
11/28/2012,135587.2067
11/27/2012,133398.355
11/26/2012,134371.178
11/23/2012,134614.3837
11/21/2012,133428.7557
11/20/2012,132425.532
11/19/2012,131756.7161
11/16/2012,130935.8967
11/15/2012,130115.0773
11/14/2012,130875.0953
11/13/2012,132790.3406
11/12/2012,133823.965
11/9/2012,133915.1672
11/8/2012,133286.4834
11/7/2012,135161.5967
11/6/2012,139600.1016
11/5/2012,138840.0837
11/2/2012,139843.3074
11/1/2012,139660.9031
10/31/2012,138718.4808
10/26/2012,140499.2584
10/25/2012,140955.9191
10/24/2012,139677.2693
10/23/2012,139707.7133
10/22/2012,141503.9119
10/19/2012,143178.3342
10/18/2012,146009.6302
10/17/2012,144274.3198
10/16/2012,143604.5508
10/15/2012,141838.7963
10/12/2012,138885.7242
10/11/2012,138368.1754
10/10/2012,138824.8361
10/9/2012,140560.1465
10/8/2012,141077.6953
10/5/2012,140895.031
10/4/2012,140407.9263
10/3/2012,139372.8289
10/2/2012,138429.0635
10/1/2012,137652.7404
9/28/2012,137342.7916
9/27/2012,137753.9489
9/26/2012,137083.9098
9/25/2012,137388.4731
9/24/2012,137479.842
9/21/2012,136779.3466
9/20/2012,136718.4339
9/19/2012,135561.0937
9/18/2012,134251.4718
9/17/2012,134007.8212
9/14/2012,132850.4809
9/13/2012,136017.9385
9/12/2012,135622.0063
9/11/2012,135012.8799
9/10/2012,134799.6856
9/7/2012,134160.1028
9/6/2012,134723.5478
9/5/2012,132302.2671
9/4/2012,131723.597
8/31/2012,131114.4705
8/30/2012,131327.6648
8/29/2012,131144.9268
8/28/2012,130444.4314
8/27/2012,131114.4705
8/24/2012,131327.6648
8/23/2012,130353.0624
8/22/2012,130688.082
8/21/2012,130779.451
8/20/2012,133246.4131
8/17/2012,131997.7039
8/16/2012,133825.0833
8/15/2012,134190.5591
8/14/2012,135256.5304
8/13/2012,135286.9868
8/10/2012,135743.8316
8/9/2012,134860.5982
8/8/2012,134190.5591
8/7/2012,134007.8212
8/6/2012,135500.181
8/3/2012,134464.666
8/2/2012,133733.7143
8/1/2012,134860.5982
7/31/2012,134525.5787
7/30/2012,135170.6723
7/27/2012,137039.6044
7/26/2012,131675.927
7/25/2012,129518.3016
7/24/2012,129731.0252
7/23/2012,131493.5924
7/20/2012,131919.0397
7/19/2012,133529.6615
7/18/2012,133529.6615
7/17/2012,134289.3887
7/16/2012,131736.7052
7/13/2012,132101.3742
7/12/2012,130399.5852
7/11/2012,125233.4399
7/10/2012,125719.6653
7/9/2012,128029.2362
7/6/2012,126145.1126
7/5/2012,126509.7817
7/3/2012,127056.7853
7/2/2012,127178.3416
6/29/2012,126985.3262
6/28/2012,123730.852
6/27/2012,123274.6173
6/26/2012,121860.2897
6/25/2012,121008.6516
6/22/2012,122210.0696
6/21/2012,119989.7274
6/20/2012,119259.7519
6/19/2012,119320.5832
6/18/2012,118164.7886
6/15/2012,118438.5294
6/14/2012,117982.2947
6/13/2012,116796.0845
6/12/2012,118164.7886
6/11/2012,117008.994
6/8/2012,116978.5784
6/7/2012,116583.175
6/6/2012,115275.3021
6/5/2012,114058.6762
6/4/2012,113937.0137
6/1/2012,113085.3755
5/31/2012,114302.0014
5/30/2012,113754.5198
5/29/2012,114332.4171
5/25/2012,114210.7545
5/24/2012,114362.8327
5/23/2012,113572.0259
5/22/2012,113937.0137
5/21/2012,114362.8327
5/18/2012,115035.0185
5/17/2012,115670.7055
5/16/2012,116279.0185
5/15/2012,114788.6518
5/14/2012,116263.8046
5/11/2012,115670.7055
5/10/2012,116765.6688
5/9/2012,115853.1994
5/8/2012,117495.6444
5/7/2012,117221.9035
5/4/2012,118134.3729
5/3/2012,119138.0893
5/2/2012,119503.0771
5/1/2012,119746.4022
4/30/2012,119350.9988
4/27/2012,116994.7162
4/26/2012,117025.136
4/25/2012,116903.4566
4/24/2012,116416.7392
4/23/2012,116416.7392
4/20/2012,117816.0519
4/19/2012,116690.5177
4/18/2012,116812.1971
4/17/2012,117146.8154
4/16/2012,115443.3042
4/13/2012,114926.1669
4/12/2012,116401.5292
4/11/2012,117055.5559
4/10/2012,116964.2963
4/9/2012,117816.0519
4/5/2012,118272.3496
4/4/2012,118348.3992
4/3/2012,117785.6321
4/2/2012,117146.8154
3/30/2012,116841.481
3/29/2012,115654.8097
3/28/2012,116567.6337
3/27/2012,118058.5797
3/26/2012,117632.5952
3/23/2012,115639.599
3/22/2012,114439.4988
3/21/2012,114759.1167
3/20/2012,114941.7572
3/19/2012,115337.4783
3/16/2012,115763.6395
3/15/2012,115854.9597
3/14/2012,116342.001
3/13/2012,116524.6416
3/12/2012,115976.72
3/9/2012,114454.7158
3/8/2012,113830.6941
3/7/2012,113571.9534
3/6/2012,113967.6745
3/5/2012,117042.123
3/2/2012,115459.2386
3/1/2012,115033.0774
2/29/2012,116189.8006
2/28/2012,116829.0424
2/27/2012,116128.9205
2/24/2012,116281.1209
2/23/2012,117224.7635
2/22/2012,116342.001
2/21/2012,116068.0403
2/17/2012,117376.9639
2/16/2012,116098.4804
2/15/2012,115733.1994
2/14/2012,116311.561
2/13/2012,116007.1601
2/10/2012,115398.3584
2/9/2012,116128.9205
2/8/2012,116950.8027
2/7/2012,117590.0445
2/6/2012,116889.9226
2/3/2012,116798.6023
2/2/2012,117011.6829
2/1/2012,117590.0445
1/31/2012,116494.2015
1/30/2012,118258.2132
1/27/2012,117133.1029
1/26/2012,117923.7209
1/25/2012,117619.637
1/24/2012,117923.7209
1/23/2012,117893.3125
1/20/2012,119200.8731
1/19/2012,119383.3234
1/18/2012,118197.3964
1/17/2012,118045.3545
1/13/2012,116524.9352
1/12/2012,117406.7783
1/11/2012,116798.6106
1/10/2012,117133.1029
1/9/2012,116737.7939
1/6/2012,116981.0609
1/5/2012,117802.0874
1/4/2012,116585.7519
1/3/2012,116464.1184
12/30/2011,114906.6368
12/29/2011,114998.0744
12/28/2011,114083.698
12/27/2011,115059.0328
12/23/2011,115516.2211
12/22/2011,114464.6882
12/21/2011,113778.9059
12/20/2011,112986.4463
12/19/2011,111157.6935
12/16/2011,110487.1508
12/15/2011,110822.4221
12/14/2011,108384.085
12/13/2011,106646.7698
12/12/2011,107926.8968
12/9/2011,108749.8356
12/8/2011,107256.3541
12/7/2011,108536.4811
12/6/2011,107896.4176
12/5/2011,107469.7086
12/2/2011,108140.2513
12/1/2011,108749.8356
11/30/2011,108963.19
11/29/2011,105092.3299
11/28/2011,104421.7872
11/25/2011,101069.0736
11/23/2011,101160.5113
11/22/2011,103050.2225
11/21/2011,104056.0366
11/18/2011,106524.8529
11/17/2011,106189.5816
11/16/2011,106951.5619
11/15/2011,108902.2316
11/14/2011,108719.3563
11/11/2011,109633.7328
11/10/2011,106585.8114
11/9/2011,102989.2641
11/8/2011,105061.8507
11/7/2011,104604.6624
11/4/2011,103690.286
11/3/2011,105244.7259
11/2/2011,104208.4327
11/1/2011,103812.2029
10/31/2011,105153.2883
10/28/2011,107153.8837
10/27/2011,104712.3256
10/26/2011,102362.3259
10/25/2011,100439.5988
10/24/2011,102331.8064
10/21/2011,101782.4558
10/20/2011,100103.8846
10/19/2011,99310.3782
10/18/2011,100073.3651
10/17/2011,98608.4302
10/14/2011,100653.2351
10/13/2011,99798.6898
10/12/2011,99401.9366
10/11/2011,97448.6901
10/10/2011,98730.5081
10/7/2011,96472.0668
10/6/2011,95892.1967
10/5/2011,96014.2746
10/4/2011,95678.5604
10/3/2011,96349.9889
9/30/2011,99798.6898
9/29/2011,100618.83
9/28/2011,98400.6562
9/27/2011,99016.8156
9/26/2011,97383.9932
9/23/2011,95658.7468
9/22/2011,95905.2106
9/21/2011,98123.3845
9/20/2011,100125.9025
9/19/2011,99355.7032
9/16/2011,100680.446
9/15/2011,100095.0945
9/14/2011,98955.1996
9/13/2011,97784.4968
9/12/2011,98585.504
9/9/2011,98092.5765
9/8/2011,100973.1278
9/7/2011,101543.0691
9/6/2011,99355.7032
9/2/2011,99725.3989
9/1/2011,101358.2213
8/31/2011,101958.9798
8/30/2011,100726.6579
8/29/2011,100002.6706
8/26/2011,98339.0402
8/25/2011,98154.1924
8/24/2011,99294.0873
8/23/2011,98400.6562
8/22/2011,96459.7541
8/19/2011,96305.7142
8/18/2011,95689.5548
8/17/2011,99201.6634
8/16/2011,98893.5837
8/15/2011,98986.0076
8/12/2011,96552.178
8/11/2011,96120.8664
8/10/2011,91838.5586
8/9/2011,96182.4823
8/8/2011,92239.0622
8/5/2011,97692.0729
8/4/2011,97075.9135
8/3/2011,100742.0619
8/2/2011,101358.2213
8/1/2011,103021.8517
7/29/2011,105147.6016
7/28/2011,107689.6231
7/27/2011,108491.2064
7/26/2011,110341.0138
7/25/2011,110649.315
7/22/2011,111265.9175
7/21/2011,111543.3886
7/20/2011,109724.4113
7/19/2011,110341.0138
7/18/2011,109416.1101
7/15/2011,110772.6355
7/14/2011,111944.1802
7/13/2011,111080.9368
7/12/2011,109863.1407
7/11/2011,110001.8824
7/8/2011,111358.4079
7/7/2011,110156.0331
7/6/2011,109539.4306
7/5/2011,109416.1101
7/1/2011,109755.2414
6/30/2011,108799.5076
6/29/2011,108339.13
6/28/2011,107752.6789
6/27/2011,106579.7766
6/24/2011,106641.5083
6/23/2011,107937.874
6/22/2011,109481.1664
6/21/2011,110438.0077
6/20/2011,110468.8736
6/17/2011,109234.2396
6/16/2011,108586.0568
6/15/2011,108555.1909
6/14/2011,110005.8858
6/13/2011,109049.0445
6/10/2011,109419.4347
6/9/2011,111117.0564
6/8/2011,110468.8736
6/7/2011,109789.8249
6/6/2011,109758.959
6/3/2011,110561.4711
6/2/2011,111580.0441
6/1/2011,111888.7026
5/31/2011,113431.9951
5/27/2011,111765.2392
5/26/2011,112289.9587
5/25/2011,113246.8
5/24/2011,113802.3853
5/23/2011,113894.9828
5/20/2011,114388.8364
5/19/2011,115376.5436
5/18/2011,115993.8605
5/17/2011,115037.0192
5/16/2011,115129.6168
5/13/2011,114450.5681
5/12/2011,114820.9583
5/11/2011,113061.6049
5/10/2011,113493.7268
5/9/2011,112598.6172
5/6/2011,112320.8245
5/5/2011,111888.7026
5/4/2011,112845.5439
5/3/2011,112382.5562
5/2/2011,112073.8977
4/29/2011,110962.7272
4/28/2011,110360.8698
4/27/2011,109928.929
4/26/2011,108170.313
4/25/2011,105918.0503
4/21/2011,105023.3159
4/20/2011,105023.3159
4/19/2011,104128.2759
4/18/2011,104683.9338
4/15/2011,106473.4028
4/14/2011,104467.9634
4/13/2011,103264.6998
4/12/2011,103542.376
4/11/2011,103634.9348
4/8/2011,103881.7581
4/7/2011,102832.759
4/6/2011,102894.4649
4/5/2011,102308.2595
4/4/2011,102647.6416
4/1/2011,102030.5833
3/31/2011,101845.4658
3/30/2011,102742.3814
3/29/2011,101137.9959
3/28/2011,100119.8282
3/25/2011,100490.071
3/24/2011,100878.4005
3/23/2011,100600.9232
3/22/2011,100292.6152
3/21/2011,99860.9839
3/18/2011,98381.1051
3/17/2011,96932.0572
3/16/2011,95822.1482
3/15/2011,98226.9511
3/14/2011,99830.1531
3/11/2011,100909.2313
3/10/2011,101433.355
3/9/2011,102635.7565
3/8/2011,101680.0015
3/7/2011,101217.5394
3/4/2011,101926.6479
3/3/2011,102049.9712
3/2/2011,100446.7692
3/1/2011,100076.7995
2/28/2011,100415.9384
2/25/2011,99244.3677
2/24/2011,98751.0748
2/23/2011,98936.0597
2/22/2011,99706.8298
2/18/2011,101279.201
2/17/2011,102049.9712
2/16/2011,101618.3399
2/15/2011,101094.2162
2/14/2011,101186.7086
2/11/2011,101957.4787
2/10/2011,101864.9863
2/9/2011,102019.1404
2/8/2011,102574.0949
2/7/2011,101741.6631
2/4/2011,101402.5242
2/3/2011,101433.355
2/2/2011,104269.7893
2/1/2011,104824.7438
1/31/2011,102265.7868
1/28/2011,101925.2719
1/27/2011,102480.0511
1/26/2011,102325.9458
1/25/2011,102819.0828
1/24/2011,104175.2098
1/21/2011,104483.4205
1/20/2011,104945.7365
1/19/2011,104514.2416
1/18/2011,104390.9573
1/14/2011,105500.5158
1/13/2011,106918.2849
1/12/2011,114500.2676
1/11/2011,113883.8463
1/10/2011,114654.373
1/7/2011,115116.689
1/6/2011,114222.878
1/5/2011,112681.8246
1/4/2011,112034.5822
1/3/2011,111079.1291
12/31/2010,111079.1291
12/30/2010,110942.5176
12/29/2010,111558.6938
12/28/2010,111527.885
12/27/2010,111620.3114
12/23/2010,111805.1642
12/22/2010,111589.5026
12/21/2010,111466.2673
12/20/2010,112452.1492
12/17/2010,112390.5316
12/16/2010,113499.6487
12/15/2010,112945.0901
12/14/2010,112606.1932
12/13/2010,111219.7969
12/10/2010,110880.9
12/9/2010,109895.0181
12/8/2010,109063.1803
12/7/2010,108970.7539
12/6/2010,108601.0482
12/3/2010,108755.0922
12/2/2010,108508.6218
12/1/2010,108015.6808
11/30/2010,106197.9612
11/29/2010,106875.755
11/26/2010,107399.5047
11/24/2010,108292.9601
11/23/2010,107245.4606
11/22/2010,109648.5477
11/19/2010,108847.5187
11/18/2010,108724.2834
11/17/2010,106197.9612
11/16/2010,105058.0353
11/15/2010,106413.6228
11/12/2010,106937.3726
11/11/2010,108477.813
11/10/2010,107707.5928
11/9/2010,107984.872
11/8/2010,109740.9741
11/5/2010,109987.4446
11/4/2010,112914.2813
11/3/2010,112482.958
11/2/2010,112791.0461
11/1/2010,111681.929
10/29/2010,111866.7818
10/28/2010,113772.1931
10/27/2010,112293.8322
10/26/2010,114172.5825
10/25/2010,115250.554
10/22/2010,114264.9801
10/21/2010,114264.9801
10/20/2010,113926.189
10/19/2010,112478.6273
10/18/2010,114665.3695
10/15/2010,113802.9923
10/14/2010,114418.976
10/13/2010,114449.7752
10/12/2010,112848.2175
10/11/2010,113525.7996
10/8/2010,113679.7955
10/7/2010,113063.8118
10/6/2010,113987.7874
10/5/2010,114018.5866
10/4/2010,112478.6273
10/1/2010,112725.0208
9/30/2010,113371.8037
9/29/2010,114091.7833
9/28/2010,114491.3504
9/27/2010,114122.5192
9/24/2010,114767.9738
9/23/2010,112677.9304
9/22/2010,113600.0084
9/21/2010,112862.346
9/20/2010,112309.0992
9/17/2010,111663.6446
9/16/2010,111971.0039
9/15/2010,112216.8914
9/14/2010,112247.6273
9/13/2010,111325.5493
9/10/2010,112647.1944
9/9/2010,110895.2463
9/8/2010,110065.3761
9/7/2010,108989.6184
9/3/2010,109389.1855
9/2/2010,108651.5232
9/1/2010,109481.3933
8/31/2010,108067.5404
8/30/2010,106745.8953
8/27/2010,107575.7655
8/26/2010,105977.497
8/25/2010,106161.9126
8/24/2010,105854.5533
8/23/2010,107483.5577
8/20/2010,105854.5533
8/19/2010,106684.4234
8/18/2010,108712.995
8/17/2010,109235.5059
8/16/2010,107483.5577
8/13/2010,107575.7655
8/12/2010,107698.7092
8/11/2010,107237.6702
8/10/2010,109942.4323
8/9/2010,108682.2591
8/6/2010,107514.2936
8/5/2010,107790.917
8/4/2010,108159.7482
8/3/2010,107022.5187
8/2/2010,107790.917
7/30/2010,105916.0251
7/29/2010,108030.392
7/28/2010,107044.3759
7/27/2010,108400.1481
7/26/2010,108677.4651
7/23/2010,107444.9449
7/22/2010,108400.1481
7/21/2010,108430.9611
7/20/2010,109879.1723
7/19/2010,110310.5543
7/16/2010,110649.4974
7/15/2010,112436.6516
7/14/2010,111543.0745
7/13/2010,112313.3996
7/12/2010,111204.1314
7/9/2010,111851.2045
7/8/2010,110495.4323
7/7/2010,109170.4732
7/6/2010,106767.0589
7/2/2010,105442.0997
7/1/2010,106119.9858
6/30/2010,107753.075
6/29/2010,110479.6754
6/28/2010,112069.9841
6/25/2010,112038.8015
6/24/2010,111040.9608
6/23/2010,110448.4929
6/22/2010,109544.1998
6/21/2010,109513.0173
6/18/2010,111228.056
6/17/2010,111820.5239
6/16/2010,112288.2617
6/15/2010,112319.4442
6/14/2010,109201.192
6/11/2010,108702.2717
6/10/2010,108047.4387
6/9/2010,105116.2817
6/8/2010,105428.1069
6/7/2010,103868.9808
6/4/2010,103432.4255
6/3/2010,106924.8679
6/2/2010,107143.1456
6/1/2010,104554.9963
5/28/2010,105053.9166
5/27/2010,104835.639
5/26/2010,101093.7363
5/25/2010,99971.1655
5/24/2010,99347.5151
5/21/2010,99908.8005
5/20/2010,99222.785
5/19/2010,101717.3868
5/18/2010,100875.4587
5/17/2010,102216.3071
5/14/2010,102528.1323
5/13/2010,103868.9808
5/12/2010,104898.004
5/11/2010,104492.6312
5/10/2010,106800.1378
5/7/2010,104430.2662
5/6/2010,106862.5029
5/5/2010,110978.5958
5/4/2010,111664.6113
5/3/2010,109980.7551
4/30/2010,109263.5571
4/29/2010,109896.877
4/28/2010,107745.7041
4/27/2010,107496.2927
4/26/2010,109117.4665
4/23/2010,110551.5818
4/22/2010,105282.767
4/21/2010,108306.8796
4/20/2010,112422.1669
4/19/2010,111923.3442
4/16/2010,111330.9922
4/15/2010,112359.8141
4/14/2010,112889.8132
4/13/2010,114417.4577
4/12/2010,114885.104
4/9/2010,115259.221
4/8/2010,114666.8691
4/7/2010,114698.0455
4/6/2010,116132.1608
4/5/2010,116568.6306
4/1/2010,117566.276
3/31/2010,116443.925
3/30/2010,117410.7442
3/29/2010,118127.804
3/26/2010,116693.6844
3/25/2010,117696.6876
3/24/2010,118413.2106
3/23/2010,119939.716
3/22/2010,119316.6526
3/19/2010,118568.9764
3/18/2010,119783.9502
3/17/2010,118631.2828
3/16/2010,118195.1384
3/15/2010,117603.2281
3/12/2010,115765.1909
3/11/2010,114892.902
3/10/2010,114238.6854
3/9/2010,115391.3528
3/8/2010,116357.1012
3/5/2010,116793.2456
3/4/2010,115702.8845
3/3/2010,115920.9567
3/2/2010,116481.7138
3/1/2010,116107.8758
2/26/2010,114892.902
2/25/2010,113927.1537
2/24/2010,115048.6679
2/23/2010,113740.2346
2/22/2010,115640.5782
2/19/2010,116793.2456
2/18/2010,116170.1821
2/17/2010,116325.948
2/16/2010,117322.8495
2/12/2010,115017.5147
2/11/2010,114892.902
2/10/2010,112774.4863
2/9/2010,113615.6219
2/8/2010,113989.46
2/5/2010,114425.6044
2/4/2010,115578.2718
2/3/2010,120625.0859
2/2/2010,123179.646
2/1/2010,119316.6526
1/29/2010,118942.8145
1/28/2010,118019.2121
1/27/2010,120101.7213
1/26/2010,119915.2279
1/25/2010,120474.708
1/22/2010,120816.6125
1/21/2010,124577.5618
1/20/2010,127530.3733
1/19/2010,126256.002
1/15/2010,122681.546
1/14/2010,124297.8218
1/13/2010,121003.1058
1/12/2010,116713.7586
1/11/2010,117646.2254
1/8/2010,117179.992
1/7/2010,117242.1565
1/6/2010,117055.6631
1/5/2010,115501.5518
1/4/2010,115035.3184
